{
  "split": "test",
  "n": 338363,
  "pp_known_frac": 0.9180525057408759,
  "b0_definitions": {
    "B0_random": "uniform over {wait}+candidates (analytic 1/(ncand+1))",
    "B0p_planned_platform": "first candidate w/ end_platform==focal planned_platform else wait",
    "B0pp_first_candidate": "always first candidate else wait"
  },
  "table": {
    "overall": {
      "n": 338363,
      "n_set": 92304,
      "B0_random": {
        "all": 0.4120823073715776,
        "set": 0.32234260865139014
      },
      "B0p_planned": {
        "all": 0.2675469835649879,
        "set": 0.530919570116138
      },
      "B0pp_first": {
        "all": 0.26681404290658256,
        "set": 0.5282327959785058
      }
    },
    "late_train": {
      "n": 103142,
      "n_set": 24964,
      "B0_random": {
        "all": 0.43990040260993957,
        "set": 0.3526049110230305
      },
      "B0p_planned": {
        "all": 0.3128890267786159,
        "set": 0.6161672808844736
      },
      "B0pp_first": {
        "all": 0.31187101277849955,
        "set": 0.6119612241627944
      }
    },
    "advance": {
      "n": 49237,
      "n_set": 1760,
      "B0_random": {
        "all": 0.3247477198012611,
        "set": 0.3200507305194791
      },
      "B0p_planned": {
        "all": 0.025326482117107054,
        "set": 0.7085227272727272
      },
      "B0pp_first": {
        "all": 0.02508276296281252,
        "set": 0.7017045454545454
      }
    },
    "call_on": {
      "n": 11714,
      "n_set": 6373,
      "B0_random": {
        "all": 0.09317636056581866,
        "set": 0.09276118515095767
      },
      "B0p_planned": {
        "all": 0.026378692163223492,
        "set": 0.048485799466499294
      },
      "B0pp_first": {
        "all": 0.015195492572989584,
        "set": 0.02793033108426173
      }
    },
    "platform_dev": {
      "n": 496,
      "n_set": 308,
      "B0_random": {
        "all": 0.1372570306038069,
        "set": 0.13324651538937313
      },
      "B0p_planned": {
        "all": 0.0,
        "set": 0.0
      },
      "B0pp_first": {
        "all": 0.0,
        "set": 0.0
      }
    },
    "priority_compete": {
      "n": 46341,
      "n_set": 16066,
      "B0_random": {
        "all": 0.380355114376297,
        "set": 0.31351460671919507
      },
      "B0p_planned": {
        "all": 0.27634276342763425,
        "set": 0.5114527573758247
      },
      "B0pp_first": {
        "all": 0.27634276342763425,
        "set": 0.5114527573758247
      }
    },
    "unusual_id": {
      "n": 278,
      "n_set": 26,
      "B0_random": {
        "all": 0.5780766595514802,
        "set": 0.2990513759744529
      },
      "B0p_planned": {
        "all": 0.49640287769784175,
        "set": 0.6153846153846154
      },
      "B0pp_first": {
        "all": 0.49640287769784175,
        "set": 0.6153846153846154
      }
    },
    "trivial": {
      "n": 127155,
      "n_set": 42807,
      "B0_random": {
        "all": 0.4649860872309432,
        "set": 0.34365608188935515
      },
      "B0p_planned": {
        "all": 0.34411544964806734,
        "set": 0.5568014577055155
      },
      "B0pp_first": {
        "all": 0.34411544964806734,
        "set": 0.5568014577055155
      }
    }
  }
}