{
  "tier1_overall": {
    "n": 338284,
    "n_set": 92280,
    "n_wait": 246004,
    "action_top1_all": 0.9762063828026155,
    "action_top1_set": 0.917815344603381,
    "wait_rate_signaller": 0.7272114554634568,
    "wait_rate_model": 0.726697094748791,
    "wait_rate_delta": -0.000514360714665818,
    "wait_recall": 0.9981097868327344,
    "wait_precision": 0.9988162551356629,
    "route_head_top1": 0.9289336801040312,
    "n_time_valid": 89616,
    "time_head_top1": 0.5859444742010356
  },
  "tier2_stratified": {
    "overall": {
      "n": 338284,
      "n_set": 92280,
      "n_wait": 246004,
      "acc_all": 0.9762063828026155,
      "acc_set": 0.917815344603381
    },
    "late_train": {
      "n": 103118,
      "n_set": 24959,
      "n_wait": 78159,
      "acc_all": 0.9838534494462654,
      "acc_set": 0.9338915821947995
    },
    "advance": {
      "n": 49226,
      "n_set": 1760,
      "n_wait": 47466,
      "acc_all": 0.9853329541299314,
      "acc_set": 0.8414772727272727
    },
    "call_on": {
      "n": 11709,
      "n_set": 6371,
      "n_wait": 5338,
      "acc_all": 0.8889742932786745,
      "acc_set": 0.795950400251138
    },
    "platform_dev": {
      "n": 496,
      "n_set": 308,
      "n_wait": 188,
      "acc_all": 0.8588709677419355,
      "acc_set": 0.7727272727272727
    },
    "priority_compete": {
      "n": 46328,
      "n_set": 16059,
      "n_wait": 30269,
      "acc_all": 0.9525988603004663,
      "acc_set": 0.8632542499532972
    },
    "unusual_id": {
      "n": 278,
      "n_set": 26,
      "n_wait": 252,
      "acc_all": 0.9748201438848921,
      "acc_set": 0.7307692307692307
    },
    "trivial": {
      "n": 127129,
      "n_set": 42797,
      "n_wait": 84332,
      "acc_all": 0.9835678720040274,
      "acc_set": 0.9513517302614669
    }
  },
  "q_gap": {
    "n": 296767,
    "mean_gap": 10.916565269395878,
    "p5_gap": 1.5765525359660393,
    "p95_gap": 20.302052354812623,
    "frac_chosen_is_argmax": 0.9728777121445443
  },
  "meta": {
    "seed": 42,
    "ckpt": "outputs\\train\\bc_seed42\\best.pt",
    "ckpt_name": "best.pt",
    "split": "test",
    "n": 338284,
    "val_action_acc_ckpt": 0.9684221248854029,
    "stratified_sampling": false
  }
}