{
  "tier1_overall": {
    "n": 338284,
    "n_set": 92280,
    "n_wait": 246004,
    "action_top1_all": 0.9882199571957291,
    "action_top1_set": 0.9571521456436931,
    "wait_rate_signaller": 0.7272114554634568,
    "wait_rate_model": 0.7273622163625829,
    "wait_rate_delta": 0.00015076089912613444,
    "wait_recall": 0.999873985788849,
    "wait_precision": 0.9996667411757534,
    "route_head_top1": 0.9497724317295189,
    "n_time_valid": 89616,
    "time_head_top1": 0.6670572219246563
  },
  "tier2_stratified": {
    "overall": {
      "n": 338284,
      "n_set": 92280,
      "n_wait": 246004,
      "acc_all": 0.9882199571957291,
      "acc_set": 0.9571521456436931
    },
    "late_train": {
      "n": 103118,
      "n_set": 24959,
      "n_wait": 78159,
      "acc_all": 0.9927752671696503,
      "acc_set": 0.9703513762570616
    },
    "advance": {
      "n": 49226,
      "n_set": 1760,
      "n_wait": 47466,
      "acc_all": 0.9969325153374233,
      "acc_set": 0.9164772727272728
    },
    "call_on": {
      "n": 11709,
      "n_set": 6371,
      "n_wait": 5338,
      "acc_all": 0.93543428132206,
      "acc_set": 0.8814942709150839
    },
    "platform_dev": {
      "n": 496,
      "n_set": 308,
      "n_wait": 188,
      "acc_all": 0.9395161290322581,
      "acc_set": 0.9025974025974026
    },
    "priority_compete": {
      "n": 46328,
      "n_set": 16059,
      "n_wait": 30269,
      "acc_all": 0.9738171300293559,
      "acc_set": 0.9250887352886232
    },
    "unusual_id": {
      "n": 278,
      "n_set": 26,
      "n_wait": 252,
      "acc_all": 0.9820143884892086,
      "acc_set": 0.8076923076923077
    },
    "trivial": {
      "n": 127129,
      "n_set": 42797,
      "n_wait": 84332,
      "acc_all": 0.9914653619551794,
      "acc_set": 0.9749047830455406
    }
  },
  "q_gap": {
    "n": 296767,
    "mean_gap": 17.247439365980153,
    "p5_gap": 4.300079321861267,
    "p95_gap": 33.722438430786134,
    "frac_chosen_is_argmax": 0.9865719571246129
  },
  "meta": {
    "seed": 42,
    "ckpt": "E:\\Claude\\RailRL_v2\\outputs\\train\\cql_seed42\\best.pt",
    "ckpt_name": "best.pt",
    "split": "test",
    "n": 338284,
    "val_action_acc_ckpt": 0.9822756442905165,
    "stratified_sampling": false
  }
}