{
  "meta": {
    "seed": 42,
    "ckpt": "E:\\Claude\\RailRL_v2\\outputs\\train\\cql_seed42\\best.pt",
    "split": "test",
    "n_audited": 338284,
    "n_rules": 19,
    "note": "hard rules (high) gate; soft (med) reference-only; soft 'no-soft-rule' dominates because destination direction is hidden by leak audit (resolve_direction\u2192None) \u2014 supply a headcode\u2192direction map to activate."
  },
  "headline": {
    "model_hard_compliant_rate": 0.810092055915445,
    "model_hard_denom": 2933,
    "signaller_hard_compliant_rate": 0.8571915473755964,
    "signaller_hard_denom": 2934,
    "both_rendered_n": 2848,
    "both_compliant_n": 2251
  },
  "model": {
    "hard": {
      "call_on": {
        "n": 11709,
        "counts": {
          "no-rule": 4363,
          "wait": 5346,
          "compliant": 1695,
          "non-compliant": 305
        },
        "frac": {
          "no-rule": 0.3726193526347254,
          "wait": 0.4565718677940046,
          "compliant": 0.14476044068665128,
          "non-compliant": 0.02604833888461867
        }
      },
      "overall": {
        "n": 338284,
        "counts": {
          "no-rule": 85921,
          "wait": 246055,
          "undetermined": 109,
          "compliant": 2376,
          "policy-applies": 3266,
          "non-compliant": 557
        },
        "frac": {
          "no-rule": 0.25399072968275177,
          "wait": 0.7273622163625829,
          "undetermined": 0.0003222144706814393,
          "compliant": 0.007023684241643117,
          "policy-applies": 0.009654609736197988,
          "non-compliant": 0.0016465455061427676
        }
      },
      "priority_compete": {
        "n": 46328,
        "counts": {
          "no-rule": 15316,
          "wait": 30282,
          "compliant": 233,
          "policy-applies": 421,
          "undetermined": 4,
          "non-compliant": 72
        },
        "frac": {
          "no-rule": 0.33059920566396134,
          "wait": 0.6536435848730789,
          "compliant": 0.005029355897081678,
          "policy-applies": 0.009087376964254879,
          "undetermined": 8.634087376964255e-05,
          "non-compliant": 0.001554135727853566
        }
      },
      "advance": {
        "n": 49226,
        "counts": {
          "no-rule": 1677,
          "wait": 47470,
          "undetermined": 79
        },
        "frac": {
          "no-rule": 0.034067362775768904,
          "wait": 0.9643277942550684,
          "undetermined": 0.0016048429691626377
        }
      },
      "unusual_id": {
        "n": 278,
        "counts": {
          "no-rule": 25,
          "wait": 252,
          "policy-applies": 1
        },
        "frac": {
          "no-rule": 0.08992805755395683,
          "wait": 0.9064748201438849,
          "policy-applies": 0.0035971223021582736
        }
      },
      "trivial": {
        "n": 127129,
        "counts": {
          "no-rule": 40911,
          "wait": 84338,
          "policy-applies": 1323,
          "compliant": 397,
          "undetermined": 3,
          "non-compliant": 157
        },
        "frac": {
          "no-rule": 0.32180698345774766,
          "wait": 0.6634048879484618,
          "policy-applies": 0.010406752196587718,
          "compliant": 0.0031228122615610913,
          "undetermined": 2.3598077543282806e-05,
          "non-compliant": 0.001234966058098467
        }
      },
      "late_train": {
        "n": 103118,
        "counts": {
          "undetermined": 23,
          "wait": 78179,
          "no-rule": 23325,
          "policy-applies": 1521,
          "compliant": 47,
          "non-compliant": 23
        },
        "frac": {
          "undetermined": 0.00022304544308462151,
          "wait": 0.7581508563005489,
          "no-rule": 0.2261971721716868,
          "policy-applies": 0.014750092127465622,
          "compliant": 0.00045578851412944393,
          "non-compliant": 0.00022304544308462151
        }
      },
      "platform_dev": {
        "n": 496,
        "counts": {
          "no-rule": 304,
          "wait": 188,
          "compliant": 4
        },
        "frac": {
          "no-rule": 0.6129032258064516,
          "wait": 0.3790322580645161,
          "compliant": 0.008064516129032258
        }
      }
    },
    "soft": {
      "call_on": {
        "n": 11709,
        "counts": {
          "no-soft-rule": 11709
        },
        "frac": {
          "no-soft-rule": 1.0
        }
      },
      "overall": {
        "n": 338284,
        "counts": {
          "no-soft-rule": 338284
        },
        "frac": {
          "no-soft-rule": 1.0
        }
      },
      "priority_compete": {
        "n": 46328,
        "counts": {
          "no-soft-rule": 46328
        },
        "frac": {
          "no-soft-rule": 1.0
        }
      },
      "advance": {
        "n": 49226,
        "counts": {
          "no-soft-rule": 49226
        },
        "frac": {
          "no-soft-rule": 1.0
        }
      },
      "unusual_id": {
        "n": 278,
        "counts": {
          "no-soft-rule": 278
        },
        "frac": {
          "no-soft-rule": 1.0
        }
      },
      "trivial": {
        "n": 127129,
        "counts": {
          "no-soft-rule": 127129
        },
        "frac": {
          "no-soft-rule": 1.0
        }
      },
      "late_train": {
        "n": 103118,
        "counts": {
          "no-soft-rule": 103118
        },
        "frac": {
          "no-soft-rule": 1.0
        }
      },
      "platform_dev": {
        "n": 496,
        "counts": {
          "no-soft-rule": 496
        },
        "frac": {
          "no-soft-rule": 1.0
        }
      }
    }
  },
  "signaller": {
    "hard": {
      "call_on": {
        "n": 11709,
        "counts": {
          "no-rule": 4378,
          "wait": 5338,
          "compliant": 1783,
          "non-compliant": 210
        },
        "frac": {
          "no-rule": 0.37390041848150996,
          "wait": 0.45588863267571955,
          "compliant": 0.15227602698778717,
          "non-compliant": 0.017934921854983348
        }
      },
      "overall": {
        "n": 338284,
        "counts": {
          "no-rule": 85960,
          "wait": 246004,
          "undetermined": 110,
          "compliant": 2515,
          "policy-applies": 3276,
          "non-compliant": 419
        },
        "frac": {
          "no-rule": 0.25410601742914235,
          "wait": 0.7272114554634568,
          "undetermined": 0.0003251705667427369,
          "compliant": 0.007434581594163484,
          "policy-applies": 0.009684170696810964,
          "non-compliant": 0.0012386042496836977
        }
      },
      "priority_compete": {
        "n": 46328,
        "counts": {
          "no-rule": 15320,
          "wait": 30269,
          "compliant": 250,
          "policy-applies": 425,
          "undetermined": 4,
          "non-compliant": 60
        },
        "frac": {
          "no-rule": 0.33068554653773097,
          "wait": 0.6533629770333276,
          "compliant": 0.005396304610602659,
          "policy-applies": 0.009173717838024521,
          "undetermined": 8.634087376964255e-05,
          "non-compliant": 0.0012951131065446382
        }
      },
      "advance": {
        "n": 49226,
        "counts": {
          "no-rule": 1680,
          "wait": 47466,
          "undetermined": 80
        },
        "frac": {
          "no-rule": 0.03412830617966116,
          "wait": 0.9642465363832121,
          "undetermined": 0.0016251574371267217
        }
      },
      "unusual_id": {
        "n": 278,
        "counts": {
          "no-rule": 25,
          "wait": 252,
          "policy-applies": 1
        },
        "frac": {
          "no-rule": 0.08992805755395683,
          "wait": 0.9064748201438849,
          "policy-applies": 0.0035971223021582736
        }
      },
      "trivial": {
        "n": 127129,
        "counts": {
          "no-rule": 40907,
          "wait": 84332,
          "policy-applies": 1331,