{
  "components": [
    "delay",
    "throughput",
    "headway",
    "wait"
  ],
  "trained_w": {
    "delay": 1.0,
    "throughput": 0.5,
    "headway": 1.0,
    "wait": 0.3
  },
  "n_boot": 300,
  "rows": {
    "global": {
      "w_raw": [
        -5.329721045016921,
        -2.0139999085246822,
        -3.0579007912281693,
        0.10716453600025332
      ],
      "w_norm": [
        -2.0286723519231713,
        -0.7665965810761953,
        -1.1639406148448583,
        0.040790452155774884
      ],
      "ci_low": [
        -5.4853048677858895,
        -2.0374327005330333,
        -3.20944370053868,
        0.08801690102216946
      ],
      "ci_high": [
        -5.168515753886607,
        -1.9927625550872672,
        -2.9025392240772607,
        0.1275812037689728
      ],
      "n_dec": 338284
    },
    "prefix:RD": {
      "w_raw": [
        0.7070800635231763,
        4.188325045323975,
        -6.85823793067658,
        2.0682499527115485
      ],
      "w_norm": [
        0.20462611421471502,
        1.2120843498576783,
        -1.9847463540715677,
        0.5985431818560392
      ],
      "n_dec": 62004
    },
    "prefix:RE": {
      "w_raw": [
        2.8667523623736013,
        0.13465525839754214,
        -17.575180568855266,
        1.4329939677134031
      ],
      "w_norm": [
        0.521000779002538,
        0.02447211536047029,
        -3.194096179239686,
        0.2604309263973055
      ],
      "n_dec": 4344
    },
    "prefix:RT": {
      "w_raw": [
        7.093796435024318,
        7.338339001285234,
        -5.181641154314959,
        0.9120356147636033
      ],
      "w_norm": [
        1.3824147593364742,
        1.4300703773093837,
        -1.0097804856569341,
        0.177734377697208
      ],
      "n_dec": 25932
    },
    "class:0": {
      "w_raw": [
        -6.214535791848313,
        -2.12915442690593,
        -3.1275684496137672,
        -0.06982639195305625
      ],
      "w_norm": [
        -2.1538826754563156,
        -0.7379390813871007,
        -1.0839772632355107,
        -0.024200979921072938
      ],
      "n_dec": 46795
    },
    "class:1": {
      "w_raw": [
        -6.827218751205661,
        -1.8620023240172712,
        -2.007247748217646,
        0.018141617224127903
      ],
      "w_norm": [
        -2.5487510867570538,
        -0.6951264665490751,
        -0.7493497815280802,
        0.006772665165791112
      ],
      "n_dec": 45065
    },
    "class:2": {
      "w_raw": [
        -9.382297966400197,
        -1.7201333985875178,
        -3.3799202781364728,
        -0.042586262678021194
      ],
      "w_norm": [
        -2.583776406411292,
        -0.47370485429762405,
        -0.9307909748202949,
        -0.011727764470789086
      ],
      "n_dec": 34141
    },
    "class:3": {
      "w_raw": [
        -5.3863309655424265,
        -1.8524949970624216,
        -3.1826274975917577,
        0.34180715273305806
      ],
      "w_norm": [
        -2.001746927533074,
        -0.6884512281852809,
        -1.1827744814683903,
        0.12702736281325486
      ],
      "n_dec": 34685
    },
    "class:4": {
      "w_raw": [
        -4.2308616174211915,
        -1.8722740575405288,
        -1.902341206550634,
        0.3989445610756278
      ],
      "w_norm": [
        -2.0136361063389883,
        -0.8910900388945738,
        -0.9054001965731239,
        0.18987365819331423
      ],
      "n_dec": 30526
    },
    "class:5": {
      "w_raw": [
        -4.640083958116116,
        -2.0228178624521402,
        -3.067809156741979,
        0.2830354877553657
      ],
      "w_norm": [
        -1.8534856956100172,
        -0.8080164080482893,
        -1.2254391170954744,
        0.11305877924621953
      ],
      "n_dec": 43063
    },
    "class:6": {
      "w_raw": [
        -3.7099881450530265,
        -1.7979055038332192,
        -1.9794035331155537,
        0.40134161608831714
      ],
      "w_norm": [
        -1.8811803861275715,
        -0.9116429588681395,
        -1.0036730461507648,
        0.2035036088535245
      ],
      "n_dec": 30498
    },
    "class:7": {
      "w_raw": [
        -3.5133877214472506,
        -2.274491766133653,
        -4.100234903548422,
        0.19765807997611484
      ],
      "w_norm": [
        -1.3934035222439116,
        -0.9020595190501494,
        -1.6261461044437064,
        0.07839085426223212
      ],
      "n_dec": 28222
    },
    "class:8": {
      "w_raw": [
        -6.951747988872698,
        -2.2059850794372204,
        -4.76540234446211,
        -0.02126888864558756
      ],
      "w_norm": [
        -1.9941326538175514,
        -0.6327943544244354,
        -1.3669719384076233,
        -0.006101053350389538
      ],
      "n_dec": 28919
    },
    "class:9": {
      "w_raw": [
        -4.107060260964414,
        -2.4192924434460963,
        -3.8287010850942402,
        -0.30996733262803583
      ],
      "w_norm": [
        -1.5403852327835188,
        -0.9073746467976191,
        -1.4359844359421496,
        -0.11625568447671247
      ],
      "n_dec": 15823
    },
    "set_routes_only": {
      "w_raw": [
        3.8624618518200955,
        2.41509799532454,
        -2.740979413926137,
        1.6339143965603715
      ],
      "w_norm": [
        1.4503557493735266,
        0.9068701251169211,
        -1.0292387095108628,
        0.6135354159986895
      ],
      "ci_low": [
        3.5424346841737124,
        2.3225588930268444,
        -3.014157873952911,
        1.5740953608855193
      ],
      "ci_high": [
        4.207997043325473,
        2.494916904841645,
        -2.487701074653804,
        1.696037875264697
      ],
      "n_dec": 92280
    }
  }
}