{
  "n_decisions": 726978,
  "by_label": {
    "set": 545289,
    "wait": 181689
  },
  "n_episodes": 82429,
  "r_total_describe": {
    "count": 726978.0,
    "mean": 0.255,
    "std": 0.675,
    "min": -30.3,
    "25%": -0.3,
    "50%": 0.5,
    "75%": 0.5,
    "max": 30.5
  },
  "components_mean": {
    "r_delay": -0.006967574096151892,
    "r_throughput": 0.3720968860130568,
    "r_headway": -0.03555678438687278,
    "r_wait": -0.07497709696854651
  },
  "feature_coverage": {
    "approach_distance": 261008,
    "delay_change_seconds": 62772,
    "next_tc_headway_seconds": 526409,
    "route_outcome": 545289
  },
  "weights": {
    "w_delay": 1.0,
    "w_throughput": 0.5,
    "w_headway": 1.0,
    "w_wait": 0.3
  },
  "thresholds": {
    "H_min_seconds": 147.0,
    "d_gate_05_max": 6,
    "d_gate_01_max": 16,
    "window_seconds": 4201.949999999997
  }
}