{
  "A_outcome_coverage": {
    "n": 1996572,
    "delay_change_seconds_coverage": 0.06440639255684243,
    "approach_distance_coverage": 0.1308132138485364,
    "next_tc_headway_seconds_coverage": 0.2627468480976394,
    "delay_cov_train": 0.05736503304204165,
    "delay_cov_val": 0.0656907249724677,
    "delay_cov_test": 0.09433360030499789,
    "by_month": {
      "2023-02": {
        "n": 2683,
        "delay_cov": 0.30935519940365264
      },
      "2023-03": {
        "n": 39722,
        "delay_cov": 0.0018125975529933035
      },
      "2023-04": {
        "n": 88416,
        "delay_cov": 0.0017304560260586318
      },
      "2023-05": {
        "n": 137992,
        "delay_cov": 0.004478520493941678
      },
      "2023-06": {
        "n": 174993,
        "delay_cov": 0.0033829924625556453
      },
      "2023-07": {
        "n": 203571,
        "delay_cov": 0.001964916417367896
      },
      "2023-08": {
        "n": 67121,
        "delay_cov": 0.08989734956272999
      },
      "2023-09": {
        "n": 197207,
        "delay_cov": 0.07738569117729087
      },
      "2023-10": {
        "n": 207178,
        "delay_cov": 0.13785730145092626
      },
      "2023-11": {
        "n": 213754,
        "delay_cov": 0.09906247368470297
      },
      "2023-12": {
        "n": 37605,
        "delay_cov": 0.07538891104906262
      },
      "2024-01": {
        "n": 101822,
        "delay_cov": 0.07772387106912063
      },
      "2024-02": {
        "n": 186145,
        "delay_cov": 0.0656907249724677
      },
      "2024-03": {
        "n": 164146,
        "delay_cov": 0.08738562011867484
      },
      "2024-04": {
        "n": 174217,
        "delay_cov": 0.10087993708995104
      }
    }
  },
  "B_reward_composition": {
    "source": "decision_rewards_v2.parquet",
    "n": 1999623,
    "r_delay_mean": -0.002450529041387643,
    "r_throughput_mean": 0.13555642738656237,
    "r_headway_mean": -0.012994949547989796,
    "r_wait_mean": -0.21802184711818176,
    "r_total_mean": -0.09791089832099684,
    "abs_r_delay_over_abs_r_total": 0.02502815399929929
  },
  "C_parameter_sources": {
    "derby_info": {
      "n_routes": 282,
      "gap_time_col": "gap_time(s)",
      "gap_time_coverage": 0.975177304964539
    },
    "route_to_tc": {
      "rows": 447,
      "distinct_routes": 277,
      "distinct_tracks": 279
    },
    "movements": {
      "rows": 247310,
      "event_col": "event_type",
      "platform_col": "platform",
      "event_type_counts": {
        "DEPARTURE": 166494,
        "ARRIVAL": 80816
      },
      "platform_with_value": 129002
    },
    "td": {
      "total_events": 11768797,
      "events_by_month": {
        "2023-02": 16675,
        "2023-03": 235843,
        "2023-04": 519935,
        "2023-05": 808718,
        "2023-06": 1033290,
        "2023-07": 1193836,
        "2023-08": 391282,
        "2023-09": 1164571,
        "2023-10": 1214149,
        "2023-11": 1271617,
        "2023-12": 217405,
        "2024-01": 604488,
        "2024-02": 1099217,
        "2024-03": 968679,
        "2024-04": 1029092
      }
    }
  }
}